contract_id,discount_type_code,discount_type,month_discount,deal_won,user_price_after,discount_reten_flag
4,D1,2021_quarter_discount,3 month discounts,2021-01-01 10:45:45 UTC,18000,0
8,D1,2021_quarter_discount,3 month discounts,2021-01-04 12:27:39 UTC,18000,0
12,D1,2021_quarter_discount,3 month discounts,2021-01-05 10:40:32 UTC,18000,0
14,D1,2021_quarter_discount,3 month discounts,2021-01-05 11:38:35 UTC,18000,0
19,D1,2021_quarter_discount,3 month discounts,2021-01-07 11:34:42 UTC,18000,0
20,D1,2021_quarter_discount,3 month discounts,2021-01-07 13:59:46 UTC,18000,0
22,D1,2021_quarter_discount,3 month discounts,2021-01-08 10:31:05 UTC,18000,0
23,D1,2021_quarter_discount,3 month discounts,2021-01-08 16:30:29 UTC,18000,0
31,D1,2021_quarter_discount,3 month discounts,2021-01-27 16:59:24 UTC,18000,0
33,D1,2021_quarter_discount,3 month discounts,2021-01-28 11:39:24 UTC,18000,0
80,D1,2021_quarter_discount,3 month discounts,2021-04-01 11:27:43 UTC,18000,0
82,D1,2021_quarter_discount,3 month discounts,2021-04-01 13:54:48 UTC,18000,0
89,D1,2021_quarter_discount,3 month discounts,2021-04-05 13:15:38 UTC,18000,0
90,D1,2021_quarter_discount,3 month discounts,2021-04-05 17:40:30 UTC,18000,0
92,D1,2021_quarter_discount,3 month discounts,2021-04-06 11:23:35 UTC,18000,0
93,D1,2021_quarter_discount,3 month discounts,2021-04-06 14:46:37 UTC,18000,0
96,D1,2021_quarter_discount,3 month discounts,2021-04-08 10:36:52 UTC,18000,0
104,D1,2021_quarter_discount,3 month discounts,2021-04-23 10:38:34 UTC,18000,0
108,D1,2021_quarter_discount,3 month discounts,2021-04-27 14:55:42 UTC,18000,0
110,D1,2021_quarter_discount,3 month discounts,2021-04-28 15:43:54 UTC,18000,0
112,D1,2021_quarter_discount,3 month discounts,2021-04-28 17:50:50 UTC,18000,0
114,D1,2021_quarter_discount,3 month discounts,2021-04-30 16:36:34 UTC,18000,0
167,D1,2021_quarter_discount,3 month discounts,2021-07-01 10:09:48 UTC,18000,0
169,D1,2021_quarter_discount,3 month discounts,2021-07-01 13:11:44 UTC,18000,0
171,D1,2021_quarter_discount,3 month discounts,2021-07-02 11:17:07 UTC,18000,0
174,D1,2021_quarter_discount,3 month discounts,2021-07-02 15:14:07 UTC,18000,0
175,D1,2021_quarter_discount,3 month discounts,2021-07-05 15:07:34 UTC,18000,0
184,D1,2021_quarter_discount,3 month discounts,2021-07-22 16:41:59 UTC,18000,0
185,D1,2021_quarter_discount,3 month discounts,2021-07-22 17:36:41 UTC,18000,0
186,D1,2021_quarter_discount,3 month discounts,2021-07-23 16:30:28 UTC,18000,0
189,D1,2021_quarter_discount,3 month discounts,2021-07-27 09:42:44 UTC,18000,0
194,D1,2021_quarter_discount,3 month discounts,2021-07-29 13:18:34 UTC,18000,0
195,D1,2021_quarter_discount,3 month discounts,2021-07-29 16:01:14 UTC,18000,0
196,D1,2021_quarter_discount,3 month discounts,2021-07-29 17:11:04 UTC,18000,0
201,D1,2021_quarter_discount,3 month discounts,2021-07-30 16:55:55 UTC,18000,0
256,D1,2021_quarter_discount,3 month discounts,2021-10-01 10:45:08 UTC,18000,0
257,D1,2021_quarter_discount,3 month discounts,2021-10-01 12:01:17 UTC,18000,0
259,D1,2021_quarter_discount,3 month discounts,2021-10-01 15:16:46 UTC,18000,0
261,D1,2021_quarter_discount,3 month discounts,2021-10-01 17:55:38 UTC,18000,0
265,D1,2021_quarter_discount,3 month discounts,2021-10-04 14:07:17 UTC,18000,0
267,D1,2021_quarter_discount,3 month discounts,2021-10-06 10:57:17 UTC,18000,0
268,D1,2021_quarter_discount,3 month discounts,2021-10-07 12:05:17 UTC,18000,0
269,D1,2021_quarter_discount,3 month discounts,2021-10-08 15:44:38 UTC,18000,0
270,D1,2021_quarter_discount,3 month discounts,2021-10-12 13:21:37 UTC,18000,0
273,D1,2021_quarter_discount,3 month discounts,2021-10-18 11:09:06 UTC,18000,0
275,D1,2021_quarter_discount,3 month discounts,2021-10-20 12:11:26 UTC,18000,0
278,D1,2021_quarter_discount,3 month discounts,2021-10-25 10:09:12 UTC,18000,0
286,D1,2021_quarter_discount,3 month discounts,2021-10-28 15:44:15 UTC,18000,0
288,D1,2021_quarter_discount,3 month discounts,2021-10-29 09:58:46 UTC,18000,0
291,D1,2021_quarter_discount,3 month discounts,2021-10-29 16:43:23 UTC,18000,0
292,D1,2021_quarter_discount,3 month discounts,2021-10-29 16:46:11 UTC,18000,0
9,D1,2021_quarter_discount,3 month discounts,2021-01-04 14:43:29 UTC,13500,0
15,D1,2021_quarter_discount,3 month discounts,2021-01-05 12:21:38 UTC,13500,0
17,D1,2021_quarter_discount,3 month discounts,2021-01-07 10:18:40 UTC,13500,0
18,D1,2021_quarter_discount,3 month discounts,2021-01-07 11:14:46 UTC,13500,0
26,D1,2021_quarter_discount,3 month discounts,2021-01-15 09:04:11 UTC,13500,0
28,D1,2021_quarter_discount,3 month discounts,2021-01-21 10:30:14 UTC,13500,0
83,D1,2021_quarter_discount,3 month discounts,2021-04-02 13:06:31 UTC,13500,0
84,D1,2021_quarter_discount,3 month discounts,2021-04-02 15:14:03 UTC,13500,0
86,D1,2021_quarter_discount,3 month discounts,2021-04-02 17:24:05 UTC,13500,0
95,D1,2021_quarter_discount,3 month discounts,2021-04-07 16:31:09 UTC,13500,0
97,D1,2021_quarter_discount,3 month discounts,2021-04-08 14:54:56 UTC,13500,0
100,D1,2021_quarter_discount,3 month discounts,2021-04-15 15:46:44 UTC,13500,0
105,D1,2021_quarter_discount,3 month discounts,2021-04-23 14:20:14 UTC,13500,0
176,D1,2021_quarter_discount,3 month discounts,2021-07-05 17:55:33 UTC,13500,0
177,D1,2021_quarter_discount,3 month discounts,2021-07-06 09:22:59 UTC,13500,0
179,D1,2021_quarter_discount,3 month discounts,2021-07-07 12:07:35 UTC,13500,0
180,D1,2021_quarter_discount,3 month discounts,2021-07-09 16:09:59 UTC,13500,0
182,D1,2021_quarter_discount,3 month discounts,2021-07-14 17:03:01 UTC,13500,0
192,D1,2021_quarter_discount,3 month discounts,2021-07-29 10:25:28 UTC,13500,0
199,D1,2021_quarter_discount,3 month discounts,2021-07-30 13:06:59 UTC,13500,0
200,D1,2021_quarter_discount,3 month discounts,2021-07-30 13:14:39 UTC,13500,0
255,D1,2021_quarter_discount,3 month discounts,2021-10-01 10:33:00 UTC,13500,0
258,D1,2021_quarter_discount,3 month discounts,2021-10-01 15:09:17 UTC,13500,0
260,D1,2021_quarter_discount,3 month discounts,2021-10-01 17:14:05 UTC,13500,0
271,D1,2021_quarter_discount,3 month discounts,2021-10-13 10:31:47 UTC,13500,0
274,D1,2021_quarter_discount,3 month discounts,2021-10-18 12:22:57 UTC,13500,0
277,D1,2021_quarter_discount,3 month discounts,2021-10-22 17:44:18 UTC,13500,0
279,D1,2021_quarter_discount,3 month discounts,2021-10-26 16:04:37 UTC,13500,0
281,D1,2021_quarter_discount,3 month discounts,2021-10-26 17:24:42 UTC,13500,0
282,D1,2021_quarter_discount,3 month discounts,2021-10-26 17:51:53 UTC,13500,0
284,D1,2021_quarter_discount,3 month discounts,2021-10-27 17:31:02 UTC,13500,0
1,D1,2021_quarter_discount,3 month discounts,2021-01-01 09:30:30 UTC,22500,0
2,D1,2021_quarter_discount,3 month discounts,2021-01-01 10:19:43 UTC,22500,0
3,D1,2021_quarter_discount,3 month discounts,2021-01-01 10:28:24 UTC,22500,0
5,D1,2021_quarter_discount,3 month discounts,2021-01-01 11:08:33 UTC,22500,0
6,D1,2021_quarter_discount,3 month discounts,2021-01-01 17:45:51 UTC,22500,0
7,D1,2021_quarter_discount,3 month discounts,2021-01-04 09:28:55 UTC,22500,0
10,D1,2021_quarter_discount,3 month discounts,2021-01-04 15:01:38 UTC,22500,0
11,D1,2021_quarter_discount,3 month discounts,2021-01-04 17:25:40 UTC,22500,0
13,D1,2021_quarter_discount,3 month discounts,2021-01-05 10:43:36 UTC,22500,0
16,D1,2021_quarter_discount,3 month discounts,2021-01-06 11:13:05 UTC,22500,0
21,D1,2021_quarter_discount,3 month discounts,2021-01-07 17:56:52 UTC,22500,0
24,D1,2021_quarter_discount,3 month discounts,2021-01-11 15:35:17 UTC,22500,0
25,D1,2021_quarter_discount,3 month discounts,2021-01-14 10:03:42 UTC,22500,0
27,D1,2021_quarter_discount,3 month discounts,2021-01-20 11:54:41 UTC,22500,0
29,D1,2021_quarter_discount,3 month discounts,2021-01-22 13:27:43 UTC,22500,0
30,D1,2021_quarter_discount,3 month discounts,2021-01-27 16:29:59 UTC,22500,0
32,D1,2021_quarter_discount,3 month discounts,2021-01-28 11:14:53 UTC,22500,0
81,D1,2021_quarter_discount,3 month discounts,2021-04-01 13:34:36 UTC,22500,0
85,D1,2021_quarter_discount,3 month discounts,2021-04-02 17:18:27 UTC,22500,0
87,D1,2021_quarter_discount,3 month discounts,2021-04-05 11:47:22 UTC,22500,0
88,D1,2021_quarter_discount,3 month discounts,2021-04-05 12:52:04 UTC,22500,0
91,D1,2021_quarter_discount,3 month discounts,2021-04-06 09:38:16 UTC,22500,0
94,D1,2021_quarter_discount,3 month discounts,2021-04-07 09:22:51 UTC,22500,0
98,D1,2021_quarter_discount,3 month discounts,2021-04-08 17:51:52 UTC,22500,0
99,D1,2021_quarter_discount,3 month discounts,2021-04-09 15:28:38 UTC,22500,0
101,D1,2021_quarter_discount,3 month discounts,2021-04-19 09:58:32 UTC,22500,0
102,D1,2021_quarter_discount,3 month discounts,2021-04-19 13:27:20 UTC,22500,0
103,D1,2021_quarter_discount,3 month discounts,2021-04-21 17:21:11 UTC,22500,0
106,D1,2021_quarter_discount,3 month discounts,2021-04-27 09:56:16 UTC,22500,0
107,D1,2021_quarter_discount,3 month discounts,2021-04-27 10:51:50 UTC,22500,0
109,D1,2021_quarter_discount,3 month discounts,2021-04-28 11:31:05 UTC,22500,0
111,D1,2021_quarter_discount,3 month discounts,2021-04-28 17:36:04 UTC,22500,0
113,D1,2021_quarter_discount,3 month discounts,2021-04-29 15:42:34 UTC,22500,0
115,D1,2021_quarter_discount,3 month discounts,2021-04-30 17:55:53 UTC,22500,0
166,D1,2021_quarter_discount,3 month discounts,2021-07-01 09:10:13 UTC,22500,0
168,D1,2021_quarter_discount,3 month discounts,2021-07-01 11:56:36 UTC,22500,0
170,D1,2021_quarter_discount,3 month discounts,2021-07-01 14:27:05 UTC,22500,0
172,D1,2021_quarter_discount,3 month discounts,2021-07-02 12:13:49 UTC,22500,0
173,D1,2021_quarter_discount,3 month discounts,2021-07-02 13:27:45 UTC,22500,0
178,D1,2021_quarter_discount,3 month discounts,2021-07-07 12:04:42 UTC,22500,0
181,D1,2021_quarter_discount,3 month discounts,2021-07-13 17:43:47 UTC,22500,0
183,D1,2021_quarter_discount,3 month discounts,2021-07-21 17:14:42 UTC,22500,0
187,D1,2021_quarter_discount,3 month discounts,2021-07-26 10:53:41 UTC,22500,0
188,D1,2021_quarter_discount,3 month discounts,2021-07-26 17:25:06 UTC,22500,0
190,D1,2021_quarter_discount,3 month discounts,2021-07-27 15:08:54 UTC,22500,0
191,D1,2021_quarter_discount,3 month discounts,2021-07-27 15:43:47 UTC,22500,0
193,D1,2021_quarter_discount,3 month discounts,2021-07-29 12:31:35 UTC,22500,0
197,D1,2021_quarter_discount,3 month discounts,2021-07-30 11:25:38 UTC,22500,0
198,D1,2021_quarter_discount,3 month discounts,2021-07-30 12:37:37 UTC,22500,0
262,D1,2021_quarter_discount,3 month discounts,2021-10-04 09:03:35 UTC,22500,0
263,D1,2021_quarter_discount,3 month discounts,2021-10-04 10:04:15 UTC,22500,0
264,D1,2021_quarter_discount,3 month discounts,2021-10-04 10:22:11 UTC,22500,0
266,D1,2021_quarter_discount,3 month discounts,2021-10-05 14:34:07 UTC,22500,0
272,D1,2021_quarter_discount,3 month discounts,2021-10-14 17:19:03 UTC,22500,0
276,D1,2021_quarter_discount,3 month discounts,2021-10-22 09:11:44 UTC,22500,0
280,D1,2021_quarter_discount,3 month discounts,2021-10-26 16:38:17 UTC,22500,0
283,D1,2021_quarter_discount,3 month discounts,2021-10-27 12:19:01 UTC,22500,0
285,D1,2021_quarter_discount,3 month discounts,2021-10-27 17:46:58 UTC,22500,0
287,D1,2021_quarter_discount,3 month discounts,2021-10-29 09:20:34 UTC,22500,0
289,D1,2021_quarter_discount,3 month discounts,2021-10-29 10:12:17 UTC,22500,0
290,D1,2021_quarter_discount,3 month discounts,2021-10-29 16:32:54 UTC,22500,0
293,D1,2021_quarter_discount,3 month discounts,2021-10-29 17:00:53 UTC,22500,0
355,D2,2022_quarter_discount,3 month discounts,2022-01-03 11:53:18 UTC,20000,0
357,D2,2022_quarter_discount,3 month discounts,2022-01-03 12:45:57 UTC,20000,0
369,D2,2022_quarter_discount,3 month discounts,2022-01-04 12:22:28 UTC,20000,0
370,D2,2022_quarter_discount,3 month discounts,2022-01-04 14:34:57 UTC,20000,0
372,D2,2022_quarter_discount,3 month discounts,2022-01-04 16:38:26 UTC,20000,0
377,D2,2022_quarter_discount,3 month discounts,2022-01-05 09:13:35 UTC,20000,0
379,D2,2022_quarter_discount,3 month discounts,2022-01-05 09:48:25 UTC,20000,0
382,D2,2022_quarter_discount,3 month discounts,2022-01-05 11:28:57 UTC,20000,0
386,D2,2022_quarter_discount,3 month discounts,2022-01-06 09:44:44 UTC,20000,0
394,D2,2022_quarter_discount,3 month discounts,2022-01-07 10:40:29 UTC,20000,0
399,D2,2022_quarter_discount,3 month discounts,2022-01-13 13:13:28 UTC,20000,0
400,D2,2022_quarter_discount,3 month discounts,2022-01-13 13:32:13 UTC,20000,0
404,D2,2022_quarter_discount,3 month discounts,2022-01-19 16:33:33 UTC,20000,0
412,D2,2022_quarter_discount,3 month discounts,2022-01-25 09:21:09 UTC,20000,0
422,D2,2022_quarter_discount,3 month discounts,2022-01-27 16:52:32 UTC,20000,0
426,D2,2022_quarter_discount,3 month discounts,2022-01-28 13:24:29 UTC,20000,0
427,D2,2022_quarter_discount,3 month discounts,2022-01-28 16:59:16 UTC,20000,0
429,D2,2022_quarter_discount,3 month discounts,2022-01-31 09:48:05 UTC,20000,0
430,D2,2022_quarter_discount,3 month discounts,2022-01-31 10:10:38 UTC,20000,0
431,D2,2022_quarter_discount,3 month discounts,2022-01-31 10:38:01 UTC,20000,0
433,D2,2022_quarter_discount,3 month discounts,2022-01-31 16:17:40 UTC,20000,0
434,D2,2022_quarter_discount,3 month discounts,2022-01-31 16:49:41 UTC,20000,0
532,D2,2022_quarter_discount,3 month discounts,2022-04-01 09:09:51 UTC,20000,0
533,D2,2022_quarter_discount,3 month discounts,2022-04-01 09:13:51 UTC,20000,0
538,D2,2022_quarter_discount,3 month discounts,2022-04-01 15:42:18 UTC,20000,0
541,D2,2022_quarter_discount,3 month discounts,2022-04-01 17:33:19 UTC,20000,0
548,D2,2022_quarter_discount,3 month discounts,2022-04-04 11:03:50 UTC,20000,0
550,D2,2022_quarter_discount,3 month discounts,2022-04-04 12:13:47 UTC,20000,0
552,D2,2022_quarter_discount,3 month discounts,2022-04-04 13:20:20 UTC,20000,0
556,D2,2022_quarter_discount,3 month discounts,2022-04-04 17:57:21 UTC,20000,0
562,D2,2022_quarter_discount,3 month discounts,2022-04-05 09:10:01 UTC,20000,0
564,D2,2022_quarter_discount,3 month discounts,2022-04-05 11:40:43 UTC,20000,0
566,D2,2022_quarter_discount,3 month discounts,2022-04-05 16:00:35 UTC,20000,0
574,D2,2022_quarter_discount,3 month discounts,2022-04-07 09:56:00 UTC,20000,0
576,D2,2022_quarter_discount,3 month discounts,2022-04-07 11:55:43 UTC,20000,0
577,D2,2022_quarter_discount,3 month discounts,2022-04-07 13:11:15 UTC,20000,0
580,D2,2022_quarter_discount,3 month discounts,2022-04-08 16:15:26 UTC,20000,0
583,D2,2022_quarter_discount,3 month discounts,2022-04-12 16:08:49 UTC,20000,0
584,D2,2022_quarter_discount,3 month discounts,2022-04-13 12:51:51 UTC,20000,0
586,D2,2022_quarter_discount,3 month discounts,2022-04-14 10:46:23 UTC,20000,0
587,D2,2022_quarter_discount,3 month discounts,2022-04-14 10:47:23 UTC,20000,0
588,D2,2022_quarter_discount,3 month discounts,2022-04-14 11:11:16 UTC,20000,0
594,D2,2022_quarter_discount,3 month discounts,2022-04-21 10:18:13 UTC,20000,0
595,D2,2022_quarter_discount,3 month discounts,2022-04-21 11:48:27 UTC,20000,0
597,D2,2022_quarter_discount,3 month discounts,2022-04-22 10:09:53 UTC,20000,0
598,D2,2022_quarter_discount,3 month discounts,2022-04-22 11:06:26 UTC,20000,0
599,D2,2022_quarter_discount,3 month discounts,2022-04-22 12:58:45 UTC,20000,0
605,D2,2022_quarter_discount,3 month discounts,2022-04-25 17:43:23 UTC,20000,0
606,D2,2022_quarter_discount,3 month discounts,2022-04-25 17:48:08 UTC,20000,0
609,D2,2022_quarter_discount,3 month discounts,2022-04-26 16:21:24 UTC,20000,0
614,D2,2022_quarter_discount,3 month discounts,2022-04-27 09:39:28 UTC,20000,0
625,D2,2022_quarter_discount,3 month discounts,2022-04-29 16:52:44 UTC,20000,0
742,D2,2022_quarter_discount,3 month discounts,2022-07-01 12:42:57 UTC,20000,0
743,D2,2022_quarter_discount,3 month discounts,2022-07-01 12:44:18 UTC,20000,0
745,D2,2022_quarter_discount,3 month discounts,2022-07-01 15:40:26 UTC,20000,0
747,D2,2022_quarter_discount,3 month discounts,2022-07-01 16:03:25 UTC,20000,0
756,D2,2022_quarter_discount,3 month discounts,2022-07-04 09:40:02 UTC,20000,0
757,D2,2022_quarter_discount,3 month discounts,2022-07-04 13:14:24 UTC,20000,0
759,D2,2022_quarter_discount,3 month discounts,2022-07-04 16:21:42 UTC,20000,0
761,D2,2022_quarter_discount,3 month discounts,2022-07-04 17:42:29 UTC,20000,0
765,D2,2022_quarter_discount,3 month discounts,2022-07-05 12:59:52 UTC,20000,0
767,D2,2022_quarter_discount,3 month discounts,2022-07-05 16:09:01 UTC,20000,0
769,D2,2022_quarter_discount,3 month discounts,2022-07-05 17:24:34 UTC,20000,0
771,D2,2022_quarter_discount,3 month discounts,2022-07-06 10:24:19 UTC,20000,0
772,D2,2022_quarter_discount,3 month discounts,2022-07-06 14:19:29 UTC,20000,0
777,D2,2022_quarter_discount,3 month discounts,2022-07-07 09:36:53 UTC,20000,0
780,D2,2022_quarter_discount,3 month discounts,2022-07-07 16:16:48 UTC,20000,0
781,D2,2022_quarter_discount,3 month discounts,2022-07-07 16:17:38 UTC,20000,0
788,D2,2022_quarter_discount,3 month discounts,2022-07-08 13:26:06 UTC,20000,0
794,D2,2022_quarter_discount,3 month discounts,2022-07-13 17:14:21 UTC,20000,0
795,D2,2022_quarter_discount,3 month discounts,2022-07-13 17:41:40 UTC,20000,0
797,D2,2022_quarter_discount,3 month discounts,2022-07-18 09:45:15 UTC,20000,0
798,D2,2022_quarter_discount,3 month discounts,2022-07-18 11:33:37 UTC,20000,0
802,D2,2022_quarter_discount,3 month discounts,2022-07-19 17:52:25 UTC,20000,0
803,D2,2022_quarter_discount,3 month discounts,2022-07-20 14:02:36 UTC,20000,0
804,D2,2022_quarter_discount,3 month discounts,2022-07-20 16:47:00 UTC,20000,0
805,D2,2022_quarter_discount,3 month discounts,2022-07-20 17:30:24 UTC,20000,0
807,D2,2022_quarter_discount,3 month discounts,2022-07-21 09:08:05 UTC,20000,0
813,D2,2022_quarter_discount,3 month discounts,2022-07-22 14:02:37 UTC,20000,0
814,D2,2022_quarter_discount,3 month discounts,2022-07-22 14:34:26 UTC,20000,0
815,D2,2022_quarter_discount,3 month discounts,2022-07-22 17:26:42 UTC,20000,0
817,D2,2022_quarter_discount,3 month discounts,2022-07-25 09:45:44 UTC,20000,0
818,D2,2022_quarter_discount,3 month discounts,2022-07-25 15:22:02 UTC,20000,0
819,D2,2022_quarter_discount,3 month discounts,2022-07-25 16:29:58 UTC,20000,0
823,D2,2022_quarter_discount,3 month discounts,2022-07-26 10:23:10 UTC,20000,0
825,D2,2022_quarter_discount,3 month discounts,2022-07-26 13:54:43 UTC,20000,0
826,D2,2022_quarter_discount,3 month discounts,2022-07-26 14:45:30 UTC,20000,0
831,D2,2022_quarter_discount,3 month discounts,2022-07-27 14:17:59 UTC,20000,0
842,D2,2022_quarter_discount,3 month discounts,2022-07-29 11:19:12 UTC,20000,0
843,D2,2022_quarter_discount,3 month discounts,2022-07-29 12:16:49 UTC,20000,0
974,D2,2022_quarter_discount,3 month discounts,2022-10-03 11:31:19 UTC,20000,0
977,D2,2022_quarter_discount,3 month discounts,2022-10-03 13:45:34 UTC,20000,0
979,D2,2022_quarter_discount,3 month discounts,2022-10-03 17:01:11 UTC,20000,0
980,D2,2022_quarter_discount,3 month discounts,2022-10-03 17:23:11 UTC,20000,0
985,D2,2022_quarter_discount,3 month discounts,2022-10-04 09:28:11 UTC,20000,0
987,D2,2022_quarter_discount,3 month discounts,2022-10-04 10:13:52 UTC,20000,0
989,D2,2022_quarter_discount,3 month discounts,2022-10-04 11:23:07 UTC,20000,0
994,D2,2022_quarter_discount,3 month discounts,2022-10-05 09:25:09 UTC,20000,0
997,D2,2022_quarter_discount,3 month discounts,2022-10-05 10:57:01 UTC,20000,0
1000,D2,2022_quarter_discount,3 month discounts,2022-10-05 14:04:28 UTC,20000,0
1001,D2,2022_quarter_discount,3 month discounts,2022-10-05 16:09:36 UTC,20000,0
1002,D2,2022_quarter_discount,3 month discounts,2022-10-05 16:26:53 UTC,20000,0
1004,D2,2022_quarter_discount,3 month discounts,2022-10-05 17:52:54 UTC,20000,0
1009,D2,2022_quarter_discount,3 month discounts,2022-10-06 15:52:28 UTC,20000,0
1013,D2,2022_quarter_discount,3 month discounts,2022-10-07 13:33:06 UTC,20000,0
1017,D2,2022_quarter_discount,3 month discounts,2022-10-11 10:17:14 UTC,20000,0
1019,D2,2022_quarter_discount,3 month discounts,2022-10-12 09:02:25 UTC,20000,0
1021,D2,2022_quarter_discount,3 month discounts,2022-10-12 12:37:13 UTC,20000,0
1023,D2,2022_quarter_discount,3 month discounts,2022-10-14 12:41:53 UTC,20000,0
1027,D2,2022_quarter_discount,3 month discounts,2022-10-18 11:57:20 UTC,20000,0
1032,D2,2022_quarter_discount,3 month discounts,2022-10-19 16:14:32 UTC,20000,0
1037,D2,2022_quarter_discount,3 month discounts,2022-10-21 16:15:14 UTC,20000,0
1038,D2,2022_quarter_discount,3 month discounts,2022-10-21 17:58:27 UTC,20000,0
1045,D2,2022_quarter_discount,3 month discounts,2022-10-25 12:16:50 UTC,20000,0
1046,D2,2022_quarter_discount,3 month discounts,2022-10-25 12:51:19 UTC,20000,0
1048,D2,2022_quarter_discount,3 month discounts,2022-10-25 17:32:19 UTC,20000,0
1052,D2,2022_quarter_discount,3 month discounts,2022-10-26 09:40:11 UTC,20000,0
1053,D2,2022_quarter_discount,3 month discounts,2022-10-26 10:11:20 UTC,20000,0
1056,D2,2022_quarter_discount,3 month discounts,2022-10-26 13:37:53 UTC,20000,0
1058,D2,2022_quarter_discount,3 month discounts,2022-10-26 17:03:44 UTC,20000,0
1062,D2,2022_quarter_discount,3 month discounts,2022-10-27 15:12:04 UTC,20000,0
1063,D2,2022_quarter_discount,3 month discounts,2022-10-27 15:31:45 UTC,20000,0
1064,D2,2022_quarter_discount,3 month discounts,2022-10-27 15:41:02 UTC,20000,0
1068,D2,2022_quarter_discount,3 month discounts,2022-10-28 09:29:16 UTC,20000,0
1070,D2,2022_quarter_discount,3 month discounts,2022-10-28 09:40:08 UTC,20000,0
1071,D2,2022_quarter_discount,3 month discounts,2022-10-28 10:22:56 UTC,20000,0
1073,D2,2022_quarter_discount,3 month discounts,2022-10-28 15:19:01 UTC,20000,0
1074,D2,2022_quarter_discount,3 month discounts,2022-10-28 15:39:18 UTC,20000,0
1075,D2,2022_quarter_discount,3 month discounts,2022-10-28 17:38:05 UTC,20000,0
1076,D2,2022_quarter_discount,3 month discounts,2022-10-28 17:39:26 UTC,20000,0
1085,D2,2022_quarter_discount,3 month discounts,2022-10-31 09:10:56 UTC,20000,0
1086,D2,2022_quarter_discount,3 month discounts,2022-10-31 09:31:28 UTC,20000,0
1087,D2,2022_quarter_discount,3 month discounts,2022-10-31 09:52:05 UTC,20000,0
1089,D2,2022_quarter_discount,3 month discounts,2022-10-31 10:37:37 UTC,20000,0
1092,D2,2022_quarter_discount,3 month discounts,2022-10-31 13:45:04 UTC,20000,0
1093,D2,2022_quarter_discount,3 month discounts,2022-10-31 15:25:38 UTC,20000,0
1094,D2,2022_quarter_discount,3 month discounts,2022-10-31 16:49:54 UTC,20000,0
1096,D2,2022_quarter_discount,3 month discounts,2022-10-31 17:19:14 UTC,20000,0
354,D2,2022_quarter_discount,3 month discounts,2022-01-03 09:58:25 UTC,16000,0
359,D2,2022_quarter_discount,3 month discounts,2022-01-03 13:56:06 UTC,16000,0
360,D2,2022_quarter_discount,3 month discounts,2022-01-03 15:49:12 UTC,16000,0
361,D2,2022_quarter_discount,3 month discounts,2022-01-03 17:09:48 UTC,16000,0
362,D2,2022_quarter_discount,3 month discounts,2022-01-03 17:32:23 UTC,16000,0
367,D2,2022_quarter_discount,3 month discounts,2022-01-04 09:16:01 UTC,16000,0
368,D2,2022_quarter_discount,3 month discounts,2022-01-04 12:14:08 UTC,16000,0
380,D2,2022_quarter_discount,3 month discounts,2022-01-05 09:48:57 UTC,16000,0
381,D2,2022_quarter_discount,3 month discounts,2022-01-05 10:22:56 UTC,16000,0
383,D2,2022_quarter_discount,3 month discounts,2022-01-05 14:40:44 UTC,16000,0
384,D2,2022_quarter_discount,3 month discounts,2022-01-05 15:53:10 UTC,16000,0
387,D2,2022_quarter_discount,3 month discounts,2022-01-06 09:51:33 UTC,16000,0
402,D2,2022_quarter_discount,3 month discounts,2022-01-14 17:39:22 UTC,16000,0
407,D2,2022_quarter_discount,3 month discounts,2022-01-21 10:35:28 UTC,16000,0
408,D2,2022_quarter_discount,3 month discounts,2022-01-21 13:40:20 UTC,16000,0
411,D2,2022_quarter_discount,3 month discounts,2022-01-24 10:50:00 UTC,16000,0
413,D2,2022_quarter_discount,3 month discounts,2022-01-25 09:29:22 UTC,16000,0
414,D2,2022_quarter_discount,3 month discounts,2022-01-25 11:52:40 UTC,16000,0
415,D2,2022_quarter_discount,3 month discounts,2022-01-25 16:07:13 UTC,16000,0
421,D2,2022_quarter_discount,3 month discounts,2022-01-27 10:02:32 UTC,16000,0
428,D2,2022_quarter_discount,3 month discounts,2022-01-28 17:29:23 UTC,16000,0
432,D2,2022_quarter_discount,3 month discounts,2022-01-31 14:31:57 UTC,16000,0
435,D2,2022_quarter_discount,3 month discounts,2022-01-31 17:08:18 UTC,16000,0
534,D2,2022_quarter_discount,3 month discounts,2022-04-01 10:54:11 UTC,16000,0
540,D2,2022_quarter_discount,3 month discounts,2022-04-01 16:29:53 UTC,16000,0
547,D2,2022_quarter_discount,3 month discounts,2022-04-04 09:51:03 UTC,16000,0
551,D2,2022_quarter_discount,3 month discounts,2022-04-04 13:13:26 UTC,16000,0
553,D2,2022_quarter_discount,3 month discounts,2022-04-04 14:01:14 UTC,16000,0
554,D2,2022_quarter_discount,3 month discounts,2022-04-04 17:33:42 UTC,16000,0
555,D2,2022_quarter_discount,3 month discounts,2022-04-04 17:53:19 UTC,16000,0
563,D2,2022_quarter_discount,3 month discounts,2022-04-05 10:35:30 UTC,16000,0
565,D2,2022_quarter_discount,3 month discounts,2022-04-05 15:20:50 UTC,16000,0
575,D2,2022_quarter_discount,3 month discounts,2022-04-07 10:17:08 UTC,16000,0
585,D2,2022_quarter_discount,3 month discounts,2022-04-14 10:01:59 UTC,16000,0
590,D2,2022_quarter_discount,3 month discounts,2022-04-15 16:16:20 UTC,16000,0
596,D2,2022_quarter_discount,3 month discounts,2022-04-21 17:42:22 UTC,16000,0
600,D2,2022_quarter_discount,3 month discounts,2022-04-22 17:47:46 UTC,16000,0
604,D2,2022_quarter_discount,3 month discounts,2022-04-25 14:32:05 UTC,16000,0
607,D2,2022_quarter_discount,3 month discounts,2022-04-26 09:05:05 UTC,16000,0
608,D2,2022_quarter_discount,3 month discounts,2022-04-26 14:39:37 UTC,16000,0
610,D2,2022_quarter_discount,3 month discounts,2022-04-26 16:32:59 UTC,16000,0
616,D2,2022_quarter_discount,3 month discounts,2022-04-27 16:04:47 UTC,16000,0
617,D2,2022_quarter_discount,3 month discounts,2022-04-27 17:35:54 UTC,16000,0
620,D2,2022_quarter_discount,3 month discounts,2022-04-28 13:43:34 UTC,16000,0
621,D2,2022_quarter_discount,3 month discounts,2022-04-28 14:05:31 UTC,16000,0
623,D2,2022_quarter_discount,3 month discounts,2022-04-29 14:42:11 UTC,16000,0
624,D2,2022_quarter_discount,3 month discounts,2022-04-29 16:02:14 UTC,16000,0
740,D2,2022_quarter_discount,3 month discounts,2022-07-01 12:18:17 UTC,16000,0
741,D2,2022_quarter_discount,3 month discounts,2022-07-01 12:29:37 UTC,16000,0
744,D2,2022_quarter_discount,3 month discounts,2022-07-01 13:03:36 UTC,16000,0
746,D2,2022_quarter_discount,3 month discounts,2022-07-01 15:43:24 UTC,16000,0
748,D2,2022_quarter_discount,3 month discounts,2022-07-01 16:24:32 UTC,16000,0
749,D2,2022_quarter_discount,3 month discounts,2022-07-01 17:02:10 UTC,16000,0
751,D2,2022_quarter_discount,3 month discounts,2022-07-01 17:29:00 UTC,16000,0
760,D2,2022_quarter_discount,3 month discounts,2022-07-04 16:31:13 UTC,16000,0
764,D2,2022_quarter_discount,3 month discounts,2022-07-05 12:50:01 UTC,16000,0
766,D2,2022_quarter_discount,3 month discounts,2022-07-05 13:17:35 UTC,16000,0
768,D2,2022_quarter_discount,3 month discounts,2022-07-05 16:46:00 UTC,16000,0
778,D2,2022_quarter_discount,3 month discounts,2022-07-07 10:28:28 UTC,16000,0
779,D2,2022_quarter_discount,3 month discounts,2022-07-07 10:35:48 UTC,16000,0
782,D2,2022_quarter_discount,3 month discounts,2022-07-07 17:38:37 UTC,16000,0
783,D2,2022_quarter_discount,3 month discounts,2022-07-08 09:17:52 UTC,16000,0
787,D2,2022_quarter_discount,3 month discounts,2022-07-08 12:24:32 UTC,16000,0
789,D2,2022_quarter_discount,3 month discounts,2022-07-08 15:22:41 UTC,16000,0
792,D2,2022_quarter_discount,3 month discounts,2022-07-11 10:21:27 UTC,16000,0
799,D2,2022_quarter_discount,3 month discounts,2022-07-18 17:07:00 UTC,16000,0
800,D2,2022_quarter_discount,3 month discounts,2022-07-19 09:38:47 UTC,16000,0
801,D2,2022_quarter_discount,3 month discounts,2022-07-19 11:32:01 UTC,16000,0
810,D2,2022_quarter_discount,3 month discounts,2022-07-22 10:07:40 UTC,16000,0
811,D2,2022_quarter_discount,3 month discounts,2022-07-22 10:31:00 UTC,16000,0
834,D2,2022_quarter_discount,3 month discounts,2022-07-28 16:21:45 UTC,16000,0
840,D2,2022_quarter_discount,3 month discounts,2022-07-29 09:44:51 UTC,16000,0
841,D2,2022_quarter_discount,3 month discounts,2022-07-29 10:22:40 UTC,16000,0
973,D2,2022_quarter_discount,3 month discounts,2022-10-03 09:54:11 UTC,16000,0
975,D2,2022_quarter_discount,3 month discounts,2022-10-03 12:09:11 UTC,16000,0
976,D2,2022_quarter_discount,3 month discounts,2022-10-03 12:36:05 UTC,16000,0
978,D2,2022_quarter_discount,3 month discounts,2022-10-03 14:15:27 UTC,16000,0
986,D2,2022_quarter_discount,3 month discounts,2022-10-04 09:45:08 UTC,16000,0
990,D2,2022_quarter_discount,3 month discounts,2022-10-04 17:43:50 UTC,16000,0
991,D2,2022_quarter_discount,3 month discounts,2022-10-04 17:52:21 UTC,16000,0
992,D2,2022_quarter_discount,3 month discounts,2022-10-04 17:53:54 UTC,16000,0
995,D2,2022_quarter_discount,3 month discounts,2022-10-05 09:32:50 UTC,16000,0
999,D2,2022_quarter_discount,3 month discounts,2022-10-05 13:16:01 UTC,16000,0
1003,D2,2022_quarter_discount,3 month discounts,2022-10-05 17:32:23 UTC,16000,0
1007,D2,2022_quarter_discount,3 month discounts,2022-10-06 10:10:18 UTC,16000,0
1008,D2,2022_quarter_discount,3 month discounts,2022-10-06 11:11:45 UTC,16000,0
1011,D2,2022_quarter_discount,3 month discounts,2022-10-07 09:48:13 UTC,16000,0
1012,D2,2022_quarter_discount,3 month discounts,2022-10-07 10:01:13 UTC,16000,0
1014,D2,2022_quarter_discount,3 month discounts,2022-10-07 13:40:47 UTC,16000,0
1015,D2,2022_quarter_discount,3 month discounts,2022-10-07 17:59:29 UTC,16000,0
1024,D2,2022_quarter_discount,3 month discounts,2022-10-14 15:03:36 UTC,16000,0
1029,D2,2022_quarter_discount,3 month discounts,2022-10-19 10:57:24 UTC,16000,0
1030,D2,2022_quarter_discount,3 month discounts,2022-10-19 13:18:25 UTC,16000,0
1033,D2,2022_quarter_discount,3 month discounts,2022-10-20 13:56:54 UTC,16000,0
1034,D2,2022_quarter_discount,3 month discounts,2022-10-21 10:17:07 UTC,16000,0
1035,D2,2022_quarter_discount,3 month discounts,2022-10-21 10:42:39 UTC,16000,0
1041,D2,2022_quarter_discount,3 month discounts,2022-10-24 16:29:00 UTC,16000,0
1043,D2,2022_quarter_discount,3 month discounts,2022-10-25 10:41:21 UTC,16000,0
1044,D2,2022_quarter_discount,3 month discounts,2022-10-25 10:54:27 UTC,16000,0
1047,D2,2022_quarter_discount,3 month discounts,2022-10-25 14:38:54 UTC,16000,0
1055,D2,2022_quarter_discount,3 month discounts,2022-10-26 12:29:15 UTC,16000,0
1066,D2,2022_quarter_discount,3 month discounts,2022-10-27 17:13:42 UTC,16000,0
1088,D2,2022_quarter_discount,3 month discounts,2022-10-31 10:15:43 UTC,16000,0
356,D2,2022_quarter_discount,3 month discounts,2022-01-03 11:58:25 UTC,12000,0
358,D2,2022_quarter_discount,3 month discounts,2022-01-03 13:06:28 UTC,12000,0
371,D2,2022_quarter_discount,3 month discounts,2022-01-04 16:23:05 UTC,12000,0
378,D2,2022_quarter_discount,3 month discounts,2022-01-05 09:22:38 UTC,12000,0
388,D2,2022_quarter_discount,3 month discounts,2022-01-06 09:59:31 UTC,12000,0
398,D2,2022_quarter_discount,3 month discounts,2022-01-12 14:25:38 UTC,12000,0
409,D2,2022_quarter_discount,3 month discounts,2022-01-21 13:59:22 UTC,12000,0
416,D2,2022_quarter_discount,3 month discounts,2022-01-25 17:10:28 UTC,12000,0
417,D2,2022_quarter_discount,3 month discounts,2022-01-25 17:30:55 UTC,12000,0
418,D2,2022_quarter_discount,3 month discounts,2022-01-26 10:32:00 UTC,12000,0
423,D2,2022_quarter_discount,3 month discounts,2022-01-27 17:54:52 UTC,12000,0
535,D2,2022_quarter_discount,3 month discounts,2022-04-01 13:16:56 UTC,12000,0
536,D2,2022_quarter_discount,3 month discounts,2022-04-01 14:11:02 UTC,12000,0
537,D2,2022_quarter_discount,3 month discounts,2022-04-01 14:37:07 UTC,12000,0
539,D2,2022_quarter_discount,3 month discounts,2022-04-01 16:20:06 UTC,12000,0
546,D2,2022_quarter_discount,3 month discounts,2022-04-04 09:26:53 UTC,12000,0
549,D2,2022_quarter_discount,3 month discounts,2022-04-04 11:22:21 UTC,12000,0
561,D2,2022_quarter_discount,3 month discounts,2022-04-05 09:04:04 UTC,12000,0
570,D2,2022_quarter_discount,3 month discounts,2022-04-06 09:13:08 UTC,12000,0
571,D2,2022_quarter_discount,3 month discounts,2022-04-06 10:49:40 UTC,12000,0
581,D2,2022_quarter_discount,3 month discounts,2022-04-08 17:08:58 UTC,12000,0
602,D2,2022_quarter_discount,3 month discounts,2022-04-25 09:01:39 UTC,12000,0
603,D2,2022_quarter_discount,3 month discounts,2022-04-25 10:28:15 UTC,12000,0
615,D2,2022_quarter_discount,3 month discounts,2022-04-27 14:52:33 UTC,12000,0
750,D2,2022_quarter_discount,3 month discounts,2022-07-01 17:07:41 UTC,12000,0
758,D2,2022_quarter_discount,3 month discounts,2022-07-04 13:50:20 UTC,12000,0
773,D2,2022_quarter_discount,3 month discounts,2022-07-06 14:42:02 UTC,12000,0
774,D2,2022_quarter_discount,3 month discounts,2022-07-06 17:08:45 UTC,12000,0
784,D2,2022_quarter_discount,3 month discounts,2022-07-08 10:00:52 UTC,12000,0
785,D2,2022_quarter_discount,3 month discounts,2022-07-08 10:32:44 UTC,12000,0
786,D2,2022_quarter_discount,3 month discounts,2022-07-08 10:35:29 UTC,12000,0
790,D2,2022_quarter_discount,3 month discounts,2022-07-08 15:50:22 UTC,12000,0
812,D2,2022_quarter_discount,3 month discounts,2022-07-22 10:56:07 UTC,12000,0
820,D2,2022_quarter_discount,3 month discounts,2022-07-25 17:07:40 UTC,12000,0
824,D2,2022_quarter_discount,3 month discounts,2022-07-26 10:54:01 UTC,12000,0
830,D2,2022_quarter_discount,3 month discounts,2022-07-27 10:56:48 UTC,12000,0
832,D2,2022_quarter_discount,3 month discounts,2022-07-27 14:27:53 UTC,12000,0
833,D2,2022_quarter_discount,3 month discounts,2022-07-27 17:50:42 UTC,12000,0
844,D2,2022_quarter_discount,3 month discounts,2022-07-29 17:32:34 UTC,12000,0
988,D2,2022_quarter_discount,3 month discounts,2022-10-04 10:48:58 UTC,12000,0
996,D2,2022_quarter_discount,3 month discounts,2022-10-05 09:40:59 UTC,12000,0
998,D2,2022_quarter_discount,3 month discounts,2022-10-05 12:32:16 UTC,12000,0
1006,D2,2022_quarter_discount,3 month discounts,2022-10-06 09:59:51 UTC,12000,0
1020,D2,2022_quarter_discount,3 month discounts,2022-10-12 09:51:03 UTC,12000,0
1028,D2,2022_quarter_discount,3 month discounts,2022-10-18 17:31:22 UTC,12000,0
1031,D2,2022_quarter_discount,3 month discounts,2022-10-19 15:34:09 UTC,12000,0
1036,D2,2022_quarter_discount,3 month discounts,2022-10-21 14:54:23 UTC,12000,0
1054,D2,2022_quarter_discount,3 month discounts,2022-10-26 11:19:05 UTC,12000,0
1057,D2,2022_quarter_discount,3 month discounts,2022-10-26 14:03:55 UTC,12000,0
1061,D2,2022_quarter_discount,3 month discounts,2022-10-27 13:46:32 UTC,12000,0
1065,D2,2022_quarter_discount,3 month discounts,2022-10-27 16:49:10 UTC,12000,0
1069,D2,2022_quarter_discount,3 month discounts,2022-10-28 09:31:38 UTC,12000,0
1072,D2,2022_quarter_discount,3 month discounts,2022-10-28 14:50:19 UTC,12000,0
1084,D2,2022_quarter_discount,3 month discounts,2022-10-31 09:07:38 UTC,12000,0
1090,D2,2022_quarter_discount,3 month discounts,2022-10-31 12:03:08 UTC,12000,0
1091,D2,2022_quarter_discount,3 month discounts,2022-10-31 12:13:12 UTC,12000,0
1095,D2,2022_quarter_discount,3 month discounts,2022-10-31 16:52:38 UTC,12000,0